<?xml version="1.0" encoding="utf-8"?>
<!DOCTYPE hibernate-mapping PUBLIC "-//Hibernate/Hibernate Mapping DTD 3.0//EN"
"http://hibernate.sourceforge.net/hibernate-mapping-3.0.dtd">
<!-- Mapping file autogenerated by MyEclipse Persistence Tools -->
<hibernate-mapping>
	<class name="com.tarena.entity.Account" table="ACCOUNT">
		<id name="id" type="integer" column="id">
			<generator class="sequence">
				<param name="sequence">ACCOUNT_SEQ</param>
			</generator>
		</id>
		<property name="recommenderId" type="integer">
			<column name="RECOMMENDER_ID"></column>
		</property>
		<property name="loginName" type="string">
			<column name="LOGIN_NAME" length="30" not-null="true" unique="true" />
		</property>
		<property name="loginPassword" type="string">
			<column name="LOGIN_PASSWD" length="30" not-null="true" />
		</property>
		<property name="status" type="string">
			<column name="STATUS" length="1" />
		</property>
		<property name="createDate" type="date">
			<column name="CREATE_DATE" length="7" />
		</property>
		<property name="pauseDate" type="date">
			<column name="PAUSE_DATE" length="7" />
		</property>
		<property name="closeDate" type="date">
			<column name="CLOSE_DATE" length="7" />
		</property>
		<property name="realName" type="string">
			<column name="REAL_NAME" length="20" not-null="true" />
		</property>
		<property name="idcardNo" type="string">
			<column name="IDCARD_NO" length="18" not-null="true" unique="true" />
		</property>
		<property name="birthdate" type="date">
			<column name="BIRTHDATE" length="7" />
		</property>
		<property name="gender" type="string">
			<column name="GENDER" length="1" />
		</property>
		<property name="occupation" type="string">
			<column name="OCCUPATION" length="50" />
		</property>
		<property name="telephone" type="string">
			<column name="TELEPHONE" length="15" not-null="true" />
		</property>
		<property name="email" type="string">
			<column name="EMAIL" length="50" />
		</property>
		<property name="mailaddress" type="string">
			<column name="MAILADDRESS" length="50" />
		</property>
		<property name="zipcode" type="string">
			<column name="ZIPCODE" length="6" />
		</property>
		<property name="qq" type="string">
			<column name="QQ" length="15" />
		</property>
		<property name="lastLoginTime" type="date">
			<column name="LAST_LOGIN_TIME" length="7" />
		</property>
		<property name="lastLoginIp" type="string">
			<column name="LAST_LOGIN_IP" length="15" />
		</property>
		
	</class>
</hibernate-mapping>
