<?xml version="1.0" encoding="utf-8"?>
<!DOCTYPE hibernate-mapping PUBLIC "-//Hibernate/Hibernate Mapping DTD 3.0//EN"
"http://hibernate.sourceforge.net/hibernate-mapping-3.0.dtd">
<!-- Mapping file autogenerated by MyEclipse Persistence Tools -->
<hibernate-mapping>
	<class name="com.tarena.entity.BillItem" table="bill_item">
		<id name="itemId" type="integer" column="item_id">
			<generator class="assigned">
			</generator>
		</id>
		<property name="cost" type="double">
			<column name="cost" />
		</property>
		
		<many-to-one name="bill"
			class="com.tarena.entity.Bill" 
			column="bill_id" />
		<many-to-one name="service"
			class="com.tarena.entity.Service" 
			column="service_id" />
			
	</class>
</hibernate-mapping>
