<?xml version="1.0" encoding="utf-8"?>
<!DOCTYPE hibernate-mapping PUBLIC "-//Hibernate/Hibernate Mapping DTD 3.0//EN"
"http://hibernate.sourceforge.net/hibernate-mapping-3.0.dtd">
<!-- Mapping file autogenerated by MyEclipse Persistence Tools -->
<hibernate-mapping>
	<class name="com.tarena.entity.Bill" table="bill">
		<id name="id" type="integer" column="id">
			<generator class="assigned">
			</generator>
		</id>
		<property name="billMonth" type="string">
			<column name="bill_month" />
		</property>
		<property name="cost" type="double">
			<column name="cost" />
		</property>
		<property name="paymentMode" type="string">
			<column name="payment_mode" />
		</property>
		<property name="payState" type="string">
			<column name="pay_state" />
		</property>
		
		<many-to-one name="account"
			class="com.tarena.entity.Account" 
			column="account_id" />
		<set name="billItems">
			<key column="bill_id"/>
			<one-to-many class="com.tarena.entity.BillItem"/>
		</set>
			
	</class>
</hibernate-mapping>
