<?xml version="1.0" encoding="utf-8"?>
<!DOCTYPE hibernate-mapping PUBLIC
	"-//Hibernate/Hibernate Mapping DTD 3.0//EN"
	"http://hibernate.sourceforge.net/hibernate-mapping-3.0.dtd">
<hibernate-mapping>
	<class name="com.tarena.entity.Cost" table="cost">
		<id name="id" type="integer" column="id">
			<!-- 用来指明主键的生成方式 -->
			<generator class="sequence">
				<param name="sequence">cost_seq</param>
			</generator>
		</id>
		<property name="name" type="string" column="name" />
		<property name="baseDuration" type="integer" column="base_duration" />
		<property name="baseCost" type="double" column="base_cost" />
		<property name="unitCost" type="double" column="unit_cost" />
		<property name="status" type="string" column="status" />
		<property name="descr" type="string" column="descr" />
		<property name="createTime" type="date" column="creatime" />
		<property name="startTime" type="date" column="startime" />
		<property name="costType" type="string" column="cost_type" />
	</class>
</hibernate-mapping>