<?xml version="1.0" encoding="utf-8"?>
<!DOCTYPE hibernate-mapping PUBLIC "-//Hibernate/Hibernate Mapping DTD 3.0//EN"
"http://hibernate.sourceforge.net/hibernate-mapping-3.0.dtd">
<!-- Mapping file autogenerated by MyEclipse Persistence Tools -->
<hibernate-mapping>
	<class name="com.tarena.entity.MonthDuration" table="month_duration">
		<composite-id name="id" class="com.tarena.entity.MonthDurationId">
			<key-property name="serviceId" type="integer" column="service_id" />
			<key-property name="monthId" type="string" column="month_id" />
		</composite-id>
		
		<property name="serviceDetailId" 
			type="integer" column="service_detail_id"/>
		<property name="sofarDuration" 
			type="integer" column="sofar_duration"/>
		
	</class>
</hibernate-mapping>
