<?xml version="1.0" encoding="utf-8"?>
<!DOCTYPE hibernate-mapping PUBLIC "-//Hibernate/Hibernate Mapping DTD 3.0//EN"
"http://hibernate.sourceforge.net/hibernate-mapping-3.0.dtd">
<hibernate-mapping>
	<class name="com.tarena.entity.Role" table="ROLE_INFO">
		<id name="id" type="integer">
			<generator class="sequence">
				<param name="sequence">ROLE_SEQ</param>
			</generator>
		</id>
		<property name="name" type="string">
			<column name="NAME" length="20" />
		</property>
		<set name="rolePrivileges" 
			lazy="false" cascade="delete" inverse="true">
			<key column="role_id"/>
			<one-to-many class="com.tarena.entity.RolePrivilege"/>
		</set>
	</class>
</hibernate-mapping>
