<?xml version="1.0" encoding="utf-8"?>
<!DOCTYPE hibernate-mapping PUBLIC "-//Hibernate/Hibernate Mapping DTD 3.0//EN"
"http://hibernate.sourceforge.net/hibernate-mapping-3.0.dtd">
<!-- Mapping file autogenerated by MyEclipse Persistence Tools -->
<hibernate-mapping>
	<class name="com.tarena.entity.ServiceUpdateBak" table="SERVICE_UPDATE_BAK">
		<id name="id" type="integer" column="id">
			<generator class="sequence">
				<param name="sequence">SERVICE_UPDATE_BAK_SEQ</param>
			</generator>
		</id>
		<property name="serviceId" type="integer">
			<column name="service_id" />
		</property>
		<property name="costId" type="integer">
			<column name="cost_id" />
		</property>
		
	</class>
</hibernate-mapping>
