<?xml version="1.0" encoding="utf-8"?>
<!DOCTYPE hibernate-mapping PUBLIC "-//Hibernate/Hibernate Mapping DTD 3.0//EN"
"http://hibernate.sourceforge.net/hibernate-mapping-3.0.dtd">
<!-- Mapping file autogenerated by MyEclipse Persistence Tools -->
<hibernate-mapping>
	<class name="com.tarena.entity.ServiceDetail" table="service_detail">
		<id name="id" type="integer" column="id">
			<generator class="assigned">
			</generator>
		</id>
		<property name="clientHost" 
			type="string" column="client_host"/>
		<property name="osUserName" 
			type="string" column="os_username"/>
		<property name="pid" 
			type="integer" column="pid"/>
		<property name="loginTime" 
			type="timestamp" column="login_time"/>
		<property name="logoutTime" 
			type="timestamp" column="logout_time"/>
		<property name="duration" 
			type="integer" column="duration"/>
		<property name="cost" 
			type="double" column="cost"/>
		
		<many-to-one name="service"
			class="com.tarena.entity.Service" 
			column="service_id" />
			
	</class>
</hibernate-mapping>
