<?xml version="1.0" encoding="utf-8"?>
<!DOCTYPE hibernate-mapping PUBLIC "-//Hibernate/Hibernate Mapping DTD 3.0//EN"
"http://hibernate.sourceforge.net/hibernate-mapping-3.0.dtd">
<!-- Mapping file autogenerated by MyEclipse Persistence Tools -->
<hibernate-mapping>
	<class name="com.tarena.entity.Service" table="SERVICE">
		<id name="id" type="integer" column="id">
			<generator class="sequence">
				<param name="sequence">SERVICE_SEQ</param>
			</generator>
		</id>
		<property name="unixHost" type="string">
			<column name="UNIX_HOST" />
		</property>
		<property name="osUserName" type="string">
			<column name="OS_USERNAME" length="8" not-null="true" />
		</property>
		<property name="loginPassword" type="string">
			<column name="LOGIN_PASSWD" length="8" not-null="true" />
		</property>
		<property name="status" type="string">
			<column name="STATUS" length="1" />
		</property>
		<property name="createDate" type="date">
			<column name="CREATE_DATE" length="7" />
		</property>
		<property name="pauseDate" type="date">
			<column name="PAUSE_DATE" length="7" />
		</property>
		<property name="closeDate" type="date">
			<column name="CLOSE_DATE" length="7" />
		</property>
		
		<many-to-one name="account"
			class="com.tarena.entity.Account" 
			column="account_id" />
			
		<many-to-one name="cost"
			class="com.tarena.entity.Cost"
			column="cost_id"/>
		
	</class>
</hibernate-mapping>
