﻿<?xml version="1.0" encoding="UTF-8"?>
<beans xmlns="http://www.springframework.org/schema/beans" 
		xmlns:xsi="http://www.w3.org/2001/XMLSchema-instance"
		xmlns:tx="http://www.springframework.org/schema/tx" 
		xmlns:aop="http://www.springframework.org/schema/aop"
		xmlns:context="http://www.springframework.org/schema/context" 
		xmlns:jee="http://www.springframework.org/schema/jee"
		xsi:schemaLocation="
			http://www.springframework.org/schema/tx http://www.springframework.org/schema/tx/spring-tx-2.5.xsd
			http://www.springframework.org/schema/aop http://www.springframework.org/schema/aop/spring-aop-2.5.xsd
			http://www.springframework.org/schema/beans http://www.springframework.org/schema/beans/spring-beans-2.5.xsd
			http://www.springframework.org/schema/context http://www.springframework.org/schema/context/spring-context-2.5.xsd
			http://www.springframework.org/schema/jee http://www.springframework.org/schema/jee/spring-jee-2.5.xsd">

	<!-- 定义连接池数据源 -->
	<bean id="ds" 
		class="com.mchange.v2.c3p0.ComboPooledDataSource"
		destroy-method="close">
		<property name="jdbcUrl" value="jdbc:oracle:thin:@localhost:1521:xe"/>
		<property name="driverClass" value="oracle.jdbc.OracleDriver"/>
		<property name="user" value="lhh"/>
		<property name="password" value="123456"/>
		<property name="initialPoolSize" value="3"/>
		<property name="maxPoolSize" value="10"/>
		<property name="minPoolSize" value="1"/>
		<property name="acquireIncrement" value="3"/>
		<property name="maxIdleTime" value="60"/>
	</bean>
	
	<bean id="sessionFactory" 
		class="org.springframework.orm.hibernate3.LocalSessionFactoryBean">
		<!-- 注入数据源 -->
		<property name="dataSource" ref="ds"/>
		<!-- 注入框架参数 -->
		<property name="hibernateProperties">
			<props>
				<prop key="hibernate.dialect">
					org.hibernate.dialect.OracleDialect
				</prop>
				<prop key="hibernate.show_sql">true</prop>
				<!-- <prop key="hibernate.format_sql">true</prop> -->
			</props>
		</property>
		<!-- 注入映射关系文件 -->
		<property name="mappingResources">
			<list>
				<value>com/tarena/entity/Cost.hbm.xml</value>
				<value>com/tarena/entity/Account.hbm.xml</value>
				<value>com/tarena/entity/Service.hbm.xml</value>
				<value>com/tarena/entity/ServiceUpdateBak.hbm.xml</value>
				<value>com/tarena/entity/Role.hbm.xml</value>
				<value>com/tarena/entity/RolePrivilege.hbm.xml</value>
				<value>com/tarena/entity/Admin.hbm.xml</value>
				<value>com/tarena/entity/Bill.hbm.xml</value>
				<value>com/tarena/entity/BillItem.hbm.xml</value>
				<value>com/tarena/entity/MonthDuration.hbm.xml</value>
				<value>com/tarena/entity/ServiceDetail.hbm.xml</value>
			</list>
		</property>
	</bean>

	<context:component-scan base-package="com.tarena"/>
	
	<!-- <aop:aspectj-autoproxy proxy-target-class="true"/> -->
	
	<!-- 声明式事务管理,采用AOP形式切入 -->
	<bean id="txManager"
		class="org.springframework.orm.hibernate3.HibernateTransactionManager">
		<property name="sessionFactory" ref="sessionFactory" />
	</bean>
	<tx:advice id="txAdvice" transaction-manager="txManager">
		<tx:attributes>
			<tx:method name="load*" read-only="true" />
			<tx:method name="add*" propagation="REQUIRED" />
			<tx:method name="update*" propagation="REQUIRED" />
			<tx:method name="delete*" propagation="REQUIRED" />
			<tx:method name="execute" propagation="REQUIRED" />
		</tx:attributes>
	</tx:advice>
	<aop:config proxy-target-class="true">
		<aop:advisor advice-ref="txAdvice" pointcut="within(com.tarena.action..*)" />
	</aop:config>		

</beans>